<?xml version="1.0" encoding="UTF-8" ?>
<!DOCTYPE mapper
PUBLIC "-//mybatis.org//DTD Mapper 3.0//EN"
"http://mybatis.org/dtd/mybatis-3-mapper.dtd">
<mapper namespace="com.qbd.dao.UserDao">
	<!-- 定义缓存  一般是一级缓存，如果用同一个sqlsession 那么相同查询直接会从缓存中查找 
	<cache size="1024" flushInterval="60000" eviction="LRU" readOnly="false"></cache>
	-->
	<!-- 查找所有 -->
	<select id="find" parameterType="Map" resultMap="StudentResult">
		select * from user
		<where>
			<if test="uname!=null and uname!='' ">
				and uname like #{uname}
			</if>
		</where>
		<if test="start!=null and size!=null">
			limit #{start},#{size}
		</if>
	</select>
	
	
	<select id="findbyid" parameterType="Integer" resultMap="StudentResult">
		select * from user where uid=#{uid}
	</select>
	
	<select id="getTotal" parameterType="Map" resultType="Long">
		select count(*) from user
		<where>
			<if test="uname!=null and uname!='' ">
				and uname like #{uname}
			</if>
		</where>
	</select>
	<!-- 按照用户名和密码查找 -->
	<select id="getUser" resultMap="StudentResult" parameterType="com.qbd.model.User">
		select *from user where uname=#{uname} and upassword=#{upassword}
	</select>
	<!-- 删除 -->
	<delete id="delete" parameterType="Integer">
		delete from user where uid=#{uid}
	</delete>
	<!-- 修改 -->
	<update id="update" parameterType="com.qbd.model.User">
		update user
		<set>
			<if test="uname!=null">
				 uname=#{uname},
			</if>
			<if test="upassword!=null">
				upassword=#{upassword},
			</if>
			<if test="upower!=null">
				upower=#{upower},
			</if>
		</set>
		where uid=#{uid}
	</update>
	<!-- 增加 -->
	<insert id="add" parameterType="com.qbd.model.User">
		insert into user values(null,#{uname},#{upassword},#{upower})
	</insert>
	<resultMap type="com.qbd.model.User" id="StudentResult">
		<id property="uid" column="uid"/>
		<result property="uname" column="uname"/>
		<result property="upassword" column="upassword"/>
	</resultMap>
</mapper>