<?xml version="1.0" encoding="UTF-8"?>
<!-- Copyright 2010-2011 The myBatis Team Licensed under the Apache License, 
	Version 2.0 (the "License"); you may not use this file except in compliance 
	with the License. You may obtain a copy of the License at http://www.apache.org/licenses/LICENSE-2.0 
	Unless required by applicable law or agreed to in writing, software distributed 
	under the License is distributed on an "AS IS" BASIS, WITHOUT WARRANTIES 
	OR CONDITIONS OF ANY KIND, either express or implied. See the License for 
	the specific language governing permissions and limitations under the License. -->
<configuration>
	<!-- 控制台输出 -->
	<properties>
		<property name="PATTERN"
			value="%d{yyyy-MM-dd HH:mm:ss.SSS} |-%-5level---> [%thread] --->%c [%L] --->%msg%n" />
	</properties>
	<appenders>
		<Console name="CONSOLE" target="system_out">
			<PatternLayout pattern="${PATTERN}"></PatternLayout>
		</Console>
	</appenders>
	<loggers>
		<logger name="com.qbd.springboot" level="debug"></logger>
		<root level="info">
			<appenderref ref="CONSOLE"></appenderref>
		</root>
	</loggers>




</configuration>